{"name":"t:sections.footer.name","type":"footer","sections":{"footer":{"type":"footer","blocks":{"a43c7f46-bc79-4b2c-8303-0739f15d6e76":{"type":"link_list","settings":{"heading":"Quick links","menu":"footer"}}},"block_order":["a43c7f46-bc79-4b2c-8303-0739f15d6e76"],"settings":{"color_scheme":"accent-1","newsletter_enable":true,"newsletter_heading":"Subscribe to our emails","enable_follow_on_shop":false,"show_social":false,"enable_country_selector":true,"enable_language_selector":true,"payment_enable":true,"show_policy":false,"margin_top":0,"padding_top":36,"padding_bottom":36}}},"order":["footer"]}