{"sections":{"077a6cc1-dba1-44a8-8bd3-888cee88bf14":{"type":"rich-text","blocks":{"template--21538193015068__077a6cc1-dba1-44a8-8bd3-888cee88bf14-heading-1":{"type":"heading","settings":{"heading":"!! DELETE THIS SECTION !!","heading_size":"h1"}},"template--21538193015068__077a6cc1-dba1-44a8-8bd3-888cee88bf14-text-1":{"type":"text","settings":{"text":"<p>WITH THIS THEME - USE A <a href=\"https:\/\/docs.google.com\/document\/d\/1uZfmt15tT5LKPjcADqjkWbYQ_bo0gPhKaPWeu20wi1A\/edit?usp=sharing\" target=\"_blank\" title=\"https:\/\/docs.google.com\/document\/d\/1uZfmt15tT5LKPjcADqjkWbYQ_bo0gPhKaPWeu20wi1A\/edit?usp=sharing\">BRANDED GENERAL DOMAIN<\/a>!<\/p><p>YOU'LL ONLY EVER TEST 1 PRODUCT AT A TIME.<\/p><p><em>(update the featured product below)<\/em><\/p><p>THE BLUE COLOR IS UNIVERSAL - YOU CAN LEAVE IT THE SAME<\/p><p><strong>LOGO FONTS: <\/strong><a href=\"https:\/\/www.dafont.com\/remaid-typeface.font?text=ChickEra\" target=\"_blank\" title=\"https:\/\/www.dafont.com\/remaid-typeface.font\">Basic<\/a> | <a href=\"https:\/\/www.dafont.com\/theme.php?cat=501\" target=\"_blank\" title=\"https:\/\/www.dafont.com\/theme.php?cat=501\">Modern<\/a><\/p>"}}},"block_order":["template--21538193015068__077a6cc1-dba1-44a8-8bd3-888cee88bf14-heading-1","template--21538193015068__077a6cc1-dba1-44a8-8bd3-888cee88bf14-text-1"],"settings":{"desktop_content_position":"center","content_alignment":"center","color_scheme":"","full_width":true,"padding_top":40,"padding_bottom":52}},"39944b9d-eeed-4cb9-8dca-ef039374f0c2":{"type":"featured-product","blocks":{"template--21538193015068__39944b9d-eeed-4cb9-8dca-ef039374f0c2-title-1":{"type":"title","settings":{"heading_size":"h1"}},"template--21538193015068__39944b9d-eeed-4cb9-8dca-ef039374f0c2-price-1":{"type":"price","settings":{}},"template--21538193015068__39944b9d-eeed-4cb9-8dca-ef039374f0c2-variant_picker-1":{"type":"variant_picker","settings":{"picker_type":"button"}},"template--21538193015068__39944b9d-eeed-4cb9-8dca-ef039374f0c2-quantity_selector-1":{"type":"quantity_selector","settings":{}},"template--21538193015068__39944b9d-eeed-4cb9-8dca-ef039374f0c2-buy_buttons-1":{"type":"buy_buttons","settings":{"show_dynamic_checkout":false,"show_gift_card_recipient":true}}},"block_order":["template--21538193015068__39944b9d-eeed-4cb9-8dca-ef039374f0c2-title-1","template--21538193015068__39944b9d-eeed-4cb9-8dca-ef039374f0c2-price-1","template--21538193015068__39944b9d-eeed-4cb9-8dca-ef039374f0c2-variant_picker-1","template--21538193015068__39944b9d-eeed-4cb9-8dca-ef039374f0c2-quantity_selector-1","template--21538193015068__39944b9d-eeed-4cb9-8dca-ef039374f0c2-buy_buttons-1"],"settings":{"product":"","color_scheme":"","secondary_background":false,"media_size":"medium","constrain_to_viewport":true,"media_fit":"contain","media_position":"left","image_zoom":"lightbox","hide_variants":false,"enable_video_looping":false,"padding_top":36,"padding_bottom":36}},"45751f3b-819a-47d0-9b33-54589e556d78":{"type":"contact-form","settings":{"heading":"Contact form","heading_size":"h1","color_scheme":"","padding_top":36,"padding_bottom":36}}},"order":["077a6cc1-dba1-44a8-8bd3-888cee88bf14","39944b9d-eeed-4cb9-8dca-ef039374f0c2","45751f3b-819a-47d0-9b33-54589e556d78"]}