{"sections":{"main":{"type":"main-product","blocks":{"038c9829-e9d8-4158-8ebf-17af14e79593":{"type":"shopify:\/\/apps\/loox-reviews\/blocks\/loox-rating\/5c3b337f-fd14-4df5-b1d6-80ec13e6e28e","settings":{"contentSize":16,"pattern":"1,000+ Verified Customers","hideText":false,"alignment":"","textColor":"","starColor":"","showAllReviews":false,"looxOpenFloatingWidget":false,"emptyRatingWidget":false}},"title":{"type":"title","settings":{}},"price":{"type":"price","disabled":true,"settings":{}},"ffa289eb-8606-429e-a515-ec7e1c16e9ed":{"type":"custom_liquid","settings":{"custom_liquid":"<p style=\"font-size: 14px; line-height: 1.2;\">🚂 Automatic Domino Placement<\/p>\n<p style=\"font-size: 14px; line-height: 1.2;\">🌟 Easy Setup, Big Fun<\/p>\n<p style=\"font-size: 14px; line-height: 1.2;\">👶 Inclusive Design<\/p>"}},"variant_picker":{"type":"variant_picker","settings":{"picker_type":"button"}},"f90263eb-f493-4951-8d8d-14192ec899ef":{"type":"shopify:\/\/apps\/kaching-bundle-quantity-breaks\/blocks\/app-block\/6c637362-a106-4a32-94ac-94dcfd68cdb8","settings":{"product":"{{product}}"}},"quantity_selector":{"type":"quantity_selector","settings":{}},"d30936a3-495a-4de0-8429-d478a2414fd1":{"type":"custom_liquid","settings":{"custom_liquid":"<p style=\"font-size:14px; margin:0; padding:0; color:black;\">\n    <span style=\"height:8px; width:8px; background-color:#dc143c; border-radius:50%; display:inline-block; animation:blinking 1.5s infinite;\"><\/span>\n    <span style=\"color:#dc143c;\">Note:<\/span> Only <span style=\"font-weight:bold;\">7<\/span> units left in stock\n<\/p>\n\n<style>\n@keyframes blinking {\n    0% { opacity: 1.0; }\n    50% { opacity: 0.0; }\n    100% { opacity: 1.0; }\n}\n<\/style>"}},"buy_buttons":{"type":"buy_buttons","settings":{"show_dynamic_checkout":true,"show_gift_card_recipient":true}},"9b148d1e-658b-4216-9163-02579464eca2":{"type":"icon-with-text","settings":{"layout":"horizontal","icon_1":"truck","heading_1":"Free Shipping","icon_2":"heart","heading_2":"30-Day Guarantee","icon_3":"chat_bubble","heading_3":"24\/7 Chat Support"}},"725c193a-bbb5-443d-bebd-3841deb4edba":{"type":"collapsible_tab","settings":{"heading":"How It Works","icon":"question_mark","content":"<p>Explain how to use the product<\/p><p>For clothing, rename to \"Size Chart\" and add the size chart here.<\/p>","page":""}},"2061b738-5ad5-4e19-af56-23bfaf814c45":{"type":"collapsible_tab","settings":{"heading":"Our Guarantee","icon":"heart","content":"<p>If you're not 100% satisfied within the first 60 days, just send it back to us and we'll give you a full refund.<\/p><p>No need to worry about the return shipping - we've got you covered!<\/p>","page":""}},"8196dec4-aaca-4aeb-9ae4-8e3e1ee4e641":{"type":"collapsible_tab","settings":{"heading":"Shipping Info","icon":"truck","content":"<p>We offer fast and reliable shipping on all orders. You can expect to receive it within 7-30 business days based on your location.<\/p><p>Please contact our customer service team for assistance if you have any questions or concerns about your shipment.<\/p>","page":""}},"4fea8a72-3bad-4798-947e-067c7fc62199":{"type":"description","disabled":true,"settings":{}}},"block_order":["038c9829-e9d8-4158-8ebf-17af14e79593","title","price","ffa289eb-8606-429e-a515-ec7e1c16e9ed","variant_picker","f90263eb-f493-4951-8d8d-14192ec899ef","quantity_selector","d30936a3-495a-4de0-8429-d478a2414fd1","buy_buttons","9b148d1e-658b-4216-9163-02579464eca2","725c193a-bbb5-443d-bebd-3841deb4edba","2061b738-5ad5-4e19-af56-23bfaf814c45","8196dec4-aaca-4aeb-9ae4-8e3e1ee4e641","4fea8a72-3bad-4798-947e-067c7fc62199"],"settings":{"enable_sticky_info":true,"color_scheme":"background-1","media_size":"medium","constrain_to_viewport":true,"media_fit":"contain","gallery_layout":"thumbnail_slider","media_position":"left","image_zoom":"none","mobile_thumbnails":"hide","hide_variants":false,"enable_video_looping":false,"padding_top":36,"padding_bottom":12}},"35d551df-0b89-4915-93f4-a50e80e072bf":{"type":"rich-text","blocks":{"template--21538193178908__35d551df-0b89-4915-93f4-a50e80e072bf-heading-1":{"type":"heading","settings":{"heading":"⭐⭐⭐⭐⭐","heading_size":"h2"}},"template--21538193178908__35d551df-0b89-4915-93f4-a50e80e072bf-text-1":{"type":"text","settings":{"text":"<p><em>\"Type your review here!\"<\/em><\/p><p><strong>- Name, Location<\/strong><\/p>"}}},"block_order":["template--21538193178908__35d551df-0b89-4915-93f4-a50e80e072bf-heading-1","template--21538193178908__35d551df-0b89-4915-93f4-a50e80e072bf-text-1"],"settings":{"desktop_content_position":"center","content_alignment":"center","color_scheme":"background-2","full_width":true,"padding_top":52,"padding_bottom":52}},"d73334d1-5ff9-4c47-a0d1-ce8c7d177d2c":{"type":"image-with-text","blocks":{"template--21538193178908__d73334d1-5ff9-4c47-a0d1-ce8c7d177d2c-heading-1":{"type":"heading","settings":{"heading":"Main Benefit 1","heading_size":"h1"}},"template--21538193178908__d73334d1-5ff9-4c47-a0d1-ce8c7d177d2c-text-1":{"type":"text","settings":{"text":"<p>Explain your main benefit<\/p><p>Use short sentences. Easy to read.<\/p>","text_style":"body"}}},"block_order":["template--21538193178908__d73334d1-5ff9-4c47-a0d1-ce8c7d177d2c-heading-1","template--21538193178908__d73334d1-5ff9-4c47-a0d1-ce8c7d177d2c-text-1"],"settings":{"height":"adapt","desktop_image_width":"medium","layout":"text_first","desktop_content_position":"top","desktop_content_alignment":"left","content_layout":"no-overlap","section_color_scheme":"","color_scheme":"","image_behavior":"none","mobile_content_alignment":"center","padding_top":36,"padding_bottom":36}},"b0befb53-acc1-47e9-b1ce-3830aac233da":{"type":"rich-text","blocks":{"template--21538193178908__b0befb53-acc1-47e9-b1ce-3830aac233da-heading-1":{"type":"heading","settings":{"heading":"Why People Love Our Product","heading_size":"h1"}}},"block_order":["template--21538193178908__b0befb53-acc1-47e9-b1ce-3830aac233da-heading-1"],"settings":{"desktop_content_position":"center","content_alignment":"center","color_scheme":"accent-2","full_width":true,"padding_top":40,"padding_bottom":20}},"3713e29a-195e-4401-921e-9f6dd0dcc6ba":{"type":"multicolumn","blocks":{"template--21538193178908__3713e29a-195e-4401-921e-9f6dd0dcc6ba-column-1":{"type":"column","settings":{"title":"<strong>Benefit 1<\/strong>","text":"<p>1-2 sentences describing benefit<\/p>","link_label":"","link":""}},"template--21538193178908__3713e29a-195e-4401-921e-9f6dd0dcc6ba-column-2":{"type":"column","settings":{"title":"<strong>Benefit 2<\/strong>","text":"<p>1-2 sentences describing benefit<\/p>","link_label":"","link":""}},"template--21538193178908__3713e29a-195e-4401-921e-9f6dd0dcc6ba-column-3":{"type":"column","settings":{"title":"<strong>Benefit 3<\/strong>","text":"<p>1-2 sentences describing benefit<\/p>","link_label":"","link":""}}},"block_order":["template--21538193178908__3713e29a-195e-4401-921e-9f6dd0dcc6ba-column-1","template--21538193178908__3713e29a-195e-4401-921e-9f6dd0dcc6ba-column-2","template--21538193178908__3713e29a-195e-4401-921e-9f6dd0dcc6ba-column-3"],"settings":{"title":"","heading_size":"h1","image_width":"full","image_ratio":"adapt","columns_desktop":3,"column_alignment":"center","background_style":"none","button_label":"","button_link":"","color_scheme":"accent-2","columns_mobile":"1","swipe_on_mobile":false,"padding_top":36,"padding_bottom":36}},"241041c6-793c-4743-befe-9a4ede74e1d7":{"type":"image-with-text","blocks":{"a249fbcd-849e-4318-923b-c27a4d3e337e":{"type":"heading","settings":{"heading":"Another headline talking product","heading_size":"h1"}},"8dab0b57-1c78-4caf-add0-79bce4e259b4":{"type":"text","settings":{"text":"<p>Paragraph explaining the headline<\/p>","text_style":"body"}}},"block_order":["a249fbcd-849e-4318-923b-c27a4d3e337e","8dab0b57-1c78-4caf-add0-79bce4e259b4"],"settings":{"height":"adapt","desktop_image_width":"medium","layout":"image_first","desktop_content_position":"top","desktop_content_alignment":"left","content_layout":"no-overlap","section_color_scheme":"","color_scheme":"","image_behavior":"none","mobile_content_alignment":"left","padding_top":36,"padding_bottom":36}},"ddef2aae-5e73-44e8-885a-d45b3c078416":{"type":"image-with-text","blocks":{"007a9209-1e9f-4f63-93be-7c2eeb1682e2":{"type":"heading","settings":{"heading":"Another headline talking product","heading_size":"h1"}},"74589e05-867e-4394-b580-63765c376b3f":{"type":"text","settings":{"text":"<p>Paragraph explaining the headline<\/p>","text_style":"body"}}},"block_order":["007a9209-1e9f-4f63-93be-7c2eeb1682e2","74589e05-867e-4394-b580-63765c376b3f"],"settings":{"height":"adapt","desktop_image_width":"medium","layout":"text_first","desktop_content_position":"top","desktop_content_alignment":"left","content_layout":"no-overlap","section_color_scheme":"","color_scheme":"","image_behavior":"none","mobile_content_alignment":"left","padding_top":36,"padding_bottom":36}},"5714aab6-958e-4124-8b9f-106d8d5edeb8":{"type":"rich-text","blocks":{"template--21538193178908__5714aab6-958e-4124-8b9f-106d8d5edeb8-heading-1":{"type":"heading","settings":{"heading":"<strong>30 Day Guarantee<\/strong>","heading_size":"h1"}},"template--21538193178908__5714aab6-958e-4124-8b9f-106d8d5edeb8-text-1":{"type":"text","settings":{"text":"<p>We stand by our products with a 30-day risk-free guarantee. If you're not completely thrilled with your order, simply return it for a full refund (no questions asked)<\/p>"}}},"block_order":["template--21538193178908__5714aab6-958e-4124-8b9f-106d8d5edeb8-heading-1","template--21538193178908__5714aab6-958e-4124-8b9f-106d8d5edeb8-text-1"],"settings":{"desktop_content_position":"center","content_alignment":"center","color_scheme":"accent-2","full_width":true,"padding_top":40,"padding_bottom":52}},"9af997f2-18cc-4662-b276-5b073cd32edd":{"type":"collapsible-content","blocks":{"template--21538193178908__9af997f2-18cc-4662-b276-5b073cd32edd-collapsible_row-1":{"type":"collapsible_row","settings":{"heading":"Question 1 about product","icon":"question_mark","row_content":"","page":""}},"template--21538193178908__9af997f2-18cc-4662-b276-5b073cd32edd-collapsible_row-2":{"type":"collapsible_row","settings":{"heading":"Question 2 about product","icon":"question_mark","row_content":"","page":""}},"template--21538193178908__9af997f2-18cc-4662-b276-5b073cd32edd-collapsible_row-3":{"type":"collapsible_row","settings":{"heading":"Question 3 about product","icon":"question_mark","row_content":"","page":""}},"template--21538193178908__9af997f2-18cc-4662-b276-5b073cd32edd-collapsible_row-4":{"type":"collapsible_row","settings":{"heading":"How fast is shipping?","icon":"question_mark","row_content":"","page":""}},"b8ee14b2-a7c5-437e-8f0c-2453da288c00":{"type":"collapsible_row","settings":{"heading":"What's your return policy?","icon":"question_mark","row_content":"","page":""}},"9482ea3a-54f1-4d44-a5d6-be68ba27166a":{"type":"collapsible_row","settings":{"heading":"How do I get in contact?","icon":"question_mark","row_content":"","page":""}}},"block_order":["template--21538193178908__9af997f2-18cc-4662-b276-5b073cd32edd-collapsible_row-1","template--21538193178908__9af997f2-18cc-4662-b276-5b073cd32edd-collapsible_row-2","template--21538193178908__9af997f2-18cc-4662-b276-5b073cd32edd-collapsible_row-3","template--21538193178908__9af997f2-18cc-4662-b276-5b073cd32edd-collapsible_row-4","b8ee14b2-a7c5-437e-8f0c-2453da288c00","9482ea3a-54f1-4d44-a5d6-be68ba27166a"],"settings":{"caption":"","heading":"FAQ","heading_size":"h1","heading_alignment":"center","layout":"none","color_scheme":"background-2","container_color_scheme":"background-2","open_first_collapsible_row":false,"image_ratio":"adapt","desktop_layout":"image_second","padding_top":36,"padding_bottom":36}},"1701441748a8eef5e2":{"type":"apps","blocks":{"4df259e6-4e4d-4e21-8a7e-e27275be155c":{"type":"shopify:\/\/apps\/loox-reviews\/blocks\/loox-dynamic-section\/5c3b337f-fd14-4df5-b1d6-80ec13e6e28e","settings":{"only_photos":false,"aggregated":false,"limit":5,"hide_thumbnails":false,"maxwidth":1080}}},"block_order":["4df259e6-4e4d-4e21-8a7e-e27275be155c"],"settings":{"include_margins":true}},"related-products":{"type":"related-products","disabled":true,"settings":{"heading":"You may also like","heading_size":"h2","products_to_show":4,"columns_desktop":4,"color_scheme":"background-1","image_ratio":"square","image_shape":"default","show_secondary_image":true,"show_vendor":false,"show_rating":false,"columns_mobile":"2","padding_top":36,"padding_bottom":28}},"f7a90176-4686-47f1-8ec7-21ac9dca8397":{"type":"rich-text","blocks":{"template--21538193178908__f7a90176-4686-47f1-8ec7-21ac9dca8397-heading-1":{"type":"heading","settings":{"heading":"Headline with final cta","heading_size":"h1"}},"template--21538193178908__f7a90176-4686-47f1-8ec7-21ac9dca8397-text-1":{"type":"text","settings":{"text":"<p>Text urging customer to purchase and giving CART10 for 10% off<\/p><p>[warning go activate coupon code CART10]<\/p>"}}},"block_order":["template--21538193178908__f7a90176-4686-47f1-8ec7-21ac9dca8397-heading-1","template--21538193178908__f7a90176-4686-47f1-8ec7-21ac9dca8397-text-1"],"settings":{"desktop_content_position":"center","content_alignment":"center","color_scheme":"","full_width":true,"padding_top":40,"padding_bottom":52}}},"order":["main","35d551df-0b89-4915-93f4-a50e80e072bf","d73334d1-5ff9-4c47-a0d1-ce8c7d177d2c","b0befb53-acc1-47e9-b1ce-3830aac233da","3713e29a-195e-4401-921e-9f6dd0dcc6ba","241041c6-793c-4743-befe-9a4ede74e1d7","ddef2aae-5e73-44e8-885a-d45b3c078416","5714aab6-958e-4124-8b9f-106d8d5edeb8","9af997f2-18cc-4662-b276-5b073cd32edd","1701441748a8eef5e2","related-products","f7a90176-4686-47f1-8ec7-21ac9dca8397"]}